delete from UserRight;
delete from Users;
delete from Rights;
delete from Danger;
delete from Sample;
delete from Laboratory;
delete from Medecin;
delete from Test;



insert into Users (id, lastName, email, password, firstName, adresse, city, phone) values (1, 'Horwell', 'lhorwell0@adobe.com', 'JuU60c2j', 'Lyle', '89 Elgar Place', 'Panggungwinong', '7571110044');
insert into Users (id, lastName, email, password, firstName, adresse, city, phone) values (2, 'Ryott', 'oryott1@weibo.com', 'Cqmw9A', 'Ollie', '76 Nelson Crossing', 'Łubowo', '8585034785');
insert into Users (id, lastName, email, password, firstName, adresse, city, phone) values (3, 'McNae', 'mmcnae2@webnode.com', 'gL8hJxKz', 'Mickey', '637 Becker Trail', 'Criuleni', '2455010728');
insert into Users (id, lastName, email, password, firstName, adresse, city, phone) values (4, 'Cordoba', 'lcordoba3@addthis.com', 'Uix4k91h9XTd', 'Lilyan', '8 Colorado Alley', 'Wenceslau Braz', '5062118484');
insert into Users (id, lastName, email, password, firstName, adresse, city, phone) values (5, 'Cheesworth', 'acheesworth4@quantcast.com', 'bxBNMoQWY', 'Ardisj', '6142 Summerview Center', 'Qiting', '4587692153');
insert into Users (id, lastName, email, password, firstName, adresse, city, phone) values (6, 'Sarrell', 'dsarrell5@rakuten.co.jp', '9QFPC5gMB0v', 'Dollie', '85112 Pine View Parkway', 'Chãos', '7567258392');
insert into Users (id, lastName, email, password, firstName, adresse, city, phone) values (7, 'Pauer', 'spauer6@fema.gov', 'TLnzHn5rh', 'Selle', '7 2nd Point', 'Bridel', '9522244361');
insert into Users (id, lastName, email, password, firstName, adresse, city, phone) values (8, 'Bosquet', 'hbosquet7@yale.edu', '6Kur7NFFCutR', 'Honor', '2830 Maywood Road', 'Guanzhuang', '2255390715');
insert into Users (id, lastName, email, password, firstName, adresse, city, phone) values (9, 'Griffey', 'dgriffey8@nifty.com', 'iHTT1kCQ', 'Drake', '7170 Rockefeller Road', 'Týrnavos', '1843174131');
insert into Users (id, lastName, email, password, firstName, adresse, city, phone) values (10, 'Yukhin', 'pyukhin9@hibu.com', 'EkqXFFb4fwF', 'Penni', '1654 Doe Crossing Center', 'Bečmen', '5632813401');
insert into Users (id, lastName, email, password, firstName, adresse, city, phone) values (11, 'Bevar', 'abevara@merriam-webster.com', '7XjHVRcF', 'Abby', '646 Twin Pines Plaza', 'Kaliningrad', '6258060548');
insert into Users (id, lastName, email, password, firstName, adresse, city, phone) values (12, 'Buret', 'aburetb@webs.com', '4vwV61v', 'Alexio', '73 Union Way', 'Thanh Ba', '5449591205');
insert into Users (id, lastName, email, password, firstName, adresse, city, phone) values (13, 'McAllister', 'cmcallisterc@wufoo.com', 'chqY20', 'Candice', '0 Debra Hill', 'Shestakovo', '8736342864');
insert into Users (id, lastName, email, password, firstName, adresse, city, phone) values (14, 'Dyerson', 'adyersond@storify.com', 'stiugWXm6y7', 'Aryn', '2 Acker Way', 'Xuanhua', '9812072426');
insert into Users (id, lastName, email, password, firstName, adresse, city, phone) values (15, 'Oxteby', 'coxtebye@51.la', 'DyEo8u', 'Cortney', '50 Hazelcrest Road', 'Itaquyry', '8731529003');
insert into Users (id, lastName, email, password, firstName, adresse, city, phone) values (16, 'Owens', 'aowensf@hao123.com', 'XE2LBs', 'Annecorinne', '28525 Hooker Terrace', 'Tulay', '4939063172');
insert into Users (id, lastName, email, password, firstName, adresse, city, phone) values (17, 'Coaster', 'ccoasterg@latimes.com', 'wjZMroImL', 'Cart', '58601 Kropf Avenue', 'Guanting', '7045978689');
insert into Users (id, lastName, email, password, firstName, adresse, city, phone) values (18, 'Kynder', 'akynderh@msu.edu', 'g1FoaUuQuu', 'Al', '307 Magdeline Parkway', 'Pergamino', '2019158232');
insert into Users (id, lastName, email, password, firstName, adresse, city, phone) values (19, 'Tincknell', 'ctincknelli@pbs.org', 'm7bKveFeW3', 'Carlye', '564 Mandrake Terrace', 'Farroupilha', '3514640224');
insert into Users (id, lastName, email, password, firstName, adresse, city, phone) values (20, 'Tales', 'ptalesj@engadget.com', '1Exgaf9', 'Padraig', '568 Melrose Street', 'Santa Lucia', '7704224790');
insert into Users (id, lastName, email, password, firstName, adresse, city, phone) values (21, 'Blackster', 'nblacksterk@mapy.cz', 'LG23T0HBrG', 'Ninetta', '98 Warbler Parkway', 'Huichang', '6285960500');
insert into Users (id, lastName, email, password, firstName, adresse, city, phone) values (22, 'Stanway', 'bstanwayl@wix.com', '2uFfLy', 'Billye', '30365 Dakota Center', 'Takub', '2093284999');
insert into Users (id, lastName, email, password, firstName, adresse, city, phone) values (23, 'Jankiewicz', 'sjankiewiczm@goo.gl', 'xPvRJhjEOVdu', 'Shelly', '20 Vahlen Center', 'Sabang', '4733977310');
insert into Users (id, lastName, email, password, firstName, adresse, city, phone) values (24, 'Ingolotti', 'fingolottin@ftc.gov', 'uvB5gyq', 'Fifi', '52 Sage Crossing', 'Gusang', '7206884491');
insert into Users (id, lastName, email, password, firstName, adresse, city, phone) values (25, 'Le Lievre', 'vlelievreo@tumblr.com', 'niJzpjbD81b', 'Vanni', '3 2nd Street', 'Dashev', '3575081402');
insert into Users (id, lastName, email, password, firstName, adresse, city, phone) values (26, 'Lowsely', 'alowselyp@biblegateway.com', 'CU4t7pbB', 'Ava', '09 Mcbride Circle', 'Bagadó', '6035978273');
insert into Users (id, lastName, email, password, firstName, adresse, city, phone) values (27, 'Chown', 'lchownq@japanpost.jp', 'EitGGWGVQ', 'Lari', '01 Pawling Parkway', 'Kuching', '4949583057');
insert into Users (id, lastName, email, password, firstName, adresse, city, phone) values (28, 'Strettle', 'mstrettler@boston.com', 'q9fiCgPtmCg8', 'Mychal', '2872 Northport Center', 'Jablonné nad Orlicí', '5198986736');
insert into Users (id, lastName, email, password, firstName, adresse, city, phone) values (29, 'Goggan', 'sgoggans@cnet.com', 'zie5S1W', 'Shawn', '5007 Welch Point', 'Zaytā Jammā‘īn', '5343947811');
insert into Users (id, lastName, email, password, firstName, adresse, city, phone) values (30, 'Karpychev', 'skarpychevt@friendfeed.com', 'njVuJ366etZD', 'Savina', '13673 Shelley Parkway', 'Wierzchowo', '8103453662');
insert into Users (id, lastName, email, password, firstName, adresse, city, phone) values (31, 'Andrichuk', 'candrichuku@redcross.org', '1ihjZNNSmPCQ', 'Chelsie', '502 Maple Wood Lane', 'Flor da Mata', '6617592073');
insert into Users (id, lastName, email, password, firstName, adresse, city, phone) values (32, 'Skellern', 'iskellernv@simplemachines.org', 'jMR1VtkKd', 'Idette', '1012 Northfield Pass', 'Thionville', '8017387958');
insert into Users (id, lastName, email, password, firstName, adresse, city, phone) values (33, 'Steeden', 'wsteedenw@accuweather.com', 'T5x6P4Hfeb', 'Weston', '949 Buena Vista Way', 'Consuelo', '1181446996');
insert into Users (id, lastName, email, password, firstName, adresse, city, phone) values (34, 'Allawy', 'nallawyx@reuters.com', 'GrV97xoMhev3', 'Noelyn', '67 Londonderry Lane', 'Punsu', '4336895280');
insert into Users (id, lastName, email, password, firstName, adresse, city, phone) values (35, 'Arthy', 'marthyy@usatoday.com', 'H0iYCu7lsqtq', 'Misti', '6 Nevada Park', 'Langensari', '1864817275');
insert into Users (id, lastName, email, password, firstName, adresse, city, phone) values (36, 'Moultrie', 'gmoultriez@marriott.com', 'L07TbeB', 'Gordan', '7 Norway Maple Circle', 'Zhangshui', '5086951578');
insert into Users (id, lastName, email, password, firstName, adresse, city, phone) values (37, 'Gribbins', 'rgribbins10@salon.com', 'WnvzPB', 'Rafaello', '07300 Hayes Circle', 'Yeping', '4424463300');
insert into Users (id, lastName, email, password, firstName, adresse, city, phone) values (38, 'Orchart', 'aorchart11@msu.edu', 'vJ7KZI6', 'Abeu', '04618 Homewood Road', 'Bromma', '2092175241');
insert into Users (id, lastName, email, password, firstName, adresse, city, phone) values (39, 'Denne', 'qdenne12@hostgator.com', 'xkGNVH7y2VVh', 'Quinlan', '92 Memorial Street', 'Campina Grande', '5497816234');
insert into Users (id, lastName, email, password, firstName, adresse, city, phone) values (40, 'Marjanski', 'emarjanski13@cisco.com', '0ofSOPm0K7ro', 'Ethelda', '045 Continental Court', 'Phak Hai', '2366009802');
insert into Users (id, lastName, email, password, firstName, adresse, city, phone) values (41, 'Biggerdike', 'ebiggerdike14@weather.com', 'UmMfwB', 'Erasmus', '6 New Castle Street', 'Lom Kao', '4234527120');
insert into Users (id, lastName, email, password, firstName, adresse, city, phone) values (42, 'Chivers', 'tchivers15@artisteer.com', 'a5nD44xboeP', 'Tallie', '294 Dapin Park', 'Rokytne', '2183335827');
insert into Users (id, lastName, email, password, firstName, adresse, city, phone) values (43, 'Waskett', 'cwaskett16@ifeng.com', 't0EbYZT', 'Catina', '8322 Bayside Terrace', 'Tríkeri', '1725247382');
insert into Users (id, lastName, email, password, firstName, adresse, city, phone) values (44, 'Glassard', 'cglassard17@redcross.org', '4Q5NWmOADIH', 'Craig', '5 Oak Valley Parkway', 'El Hajeb', '7644810273');
insert into Users (id, lastName, email, password, firstName, adresse, city, phone) values (45, 'Muirden', 'dmuirden18@sun.com', 'o1QjMvYWG6xe', 'Dalton', '529 Talisman Junction', 'Ganhe', '6556457691');
insert into Users (id, lastName, email, password, firstName, adresse, city, phone) values (46, 'Wolfenden', 'hwolfenden19@sakura.ne.jp', 'w9n7MRd', 'Hunfredo', '24090 Dahle Court', 'Kebunkelapa', '3947263944');
insert into Users (id, lastName, email, password, firstName, adresse, city, phone) values (47, 'Cornau', 'acornau1a@bing.com', 'n1zJDMyxUqz', 'Aristotle', '38 Old Gate Circle', 'Tama', '7278087106');
insert into Users (id, lastName, email, password, firstName, adresse, city, phone) values (48, 'Landsborough', 'llandsborough1b@bbb.org', '3UyzAXEAS', 'Loraine', '461 Springview Lane', 'North Battleford', '7421804384');
insert into Users (id, lastName, email, password, firstName, adresse, city, phone) values (49, 'Bedwell', 'nbedwell1c@jalbum.net', 'uAVAAAth', 'Noak', '0313 Weeping Birch Road', 'Sukamulya', '1932876744');
insert into Users (id, lastName, email, password, firstName, adresse, city, phone) values (50, 'Farriar', 'jfarriar1d@epa.gov', 'BWoiApIGc', 'Julietta', '69777 Claremont Hill', 'Wanmingang', '2942552790');

insert into Rights (id, name) values (1, 'Admin');
insert into Rights (id, name) values (2, 'Visiteur');
insert into Rights (id, name) values (3, 'Secretaire');

insert into UserRight (idUser, idRight) values (1, 2);
insert into UserRight (idUser, idRight) values (2, 2);
insert into UserRight (idUser, idRight) values (3, 2);
insert into UserRight (idUser, idRight) values (4, 2);
insert into UserRight (idUser, idRight) values (5, 2);
insert into UserRight (idUser, idRight) values (6, 2);
insert into UserRight (idUser, idRight) values (7, 2);
insert into UserRight (idUser, idRight) values (8, 2);
insert into UserRight (idUser, idRight) values (9, 2);
insert into UserRight (idUser, idRight) values (10, 2);
insert into UserRight (idUser, idRight) values (11, 2);
insert into UserRight (idUser, idRight) values (12, 2);
insert into UserRight (idUser, idRight) values (13, 2);
insert into UserRight (idUser, idRight) values (14, 2);
insert into UserRight (idUser, idRight) values (15, 2);
insert into UserRight (idUser, idRight) values (16, 2);
insert into UserRight (idUser, idRight) values (17, 2);
insert into UserRight (idUser, idRight) values (18, 2);
insert into UserRight (idUser, idRight) values (19, 2);
insert into UserRight (idUser, idRight) values (20, 2);
insert into UserRight (idUser, idRight) values (21, 2);
insert into UserRight (idUser, idRight) values (22, 2);
insert into UserRight (idUser, idRight) values (23, 2);
insert into UserRight (idUser, idRight) values (24, 2);
insert into UserRight (idUser, idRight) values (25, 2);
insert into UserRight (idUser, idRight) values (26, 2);
insert into UserRight (idUser, idRight) values (27, 2);
insert into UserRight (idUser, idRight) values (28, 2);
insert into UserRight (idUser, idRight) values (29, 2);
insert into UserRight (idUser, idRight) values (30, 2);
insert into UserRight (idUser, idRight) values (31, 2);
insert into UserRight (idUser, idRight) values (32, 2);
insert into UserRight (idUser, idRight) values (33, 2);
insert into UserRight (idUser, idRight) values (34, 2);
insert into UserRight (idUser, idRight) values (35, 2);
insert into UserRight (idUser, idRight) values (36, 2);
insert into UserRight (idUser, idRight) values (37, 2);
insert into UserRight (idUser, idRight) values (38, 2);
insert into UserRight (idUser, idRight) values (39, 2);
insert into UserRight (idUser, idRight) values (40, 2);
insert into UserRight (idUser, idRight) values (41, 2);
insert into UserRight (idUser, idRight) values (42, 2);
insert into UserRight (idUser, idRight) values (43, 2);
insert into UserRight (idUser, idRight) values (44, 2);
insert into UserRight (idUser, idRight) values (45, 2);
insert into UserRight (idUser, idRight) values (46, 2);
insert into UserRight (idUser, idRight) values (47, 2);
insert into UserRight (idUser, idRight) values (48, 2);
insert into UserRight (idUser, idRight) values (49, 2);
insert into UserRight (idUser, idRight) values (50, 2);

insert into Danger (id, name, lvl) values (1, 'Aucun danger', 1);
insert into Danger (id, name, lvl) values (2, 'Danger modéré', 2);
insert into Danger (id, name, lvl) values (3, 'Danger soutenu', 3);
insert into Danger (id, name, lvl) values (4, 'Très dangereux', 4);

insert into Laboratory (id, region, adresse) values (1, 'Mrongi Daja', '313 Sunfield Place');
insert into Laboratory (id, region, adresse) values (2, 'Wengaingo', '932 Gerald Avenue');
insert into Laboratory (id, region, adresse) values (3, 'Sergelen', '403 Summit Trail');
insert into Laboratory (id, region, adresse) values (4, 'Nilanapo', '80 Maple Wood Avenue');
insert into Laboratory (id, region, adresse) values (5, 'Pa Kham', '0 Eastwood Pass');
insert into Laboratory (id, region, adresse) values (6, 'Razvanje', '86 Fuller Circle');
insert into Laboratory (id, region, adresse) values (7, 'Shu', '3930 Lindbergh Trail');
insert into Laboratory (id, region, adresse) values (8, 'Gagah', '848 Caliangt Parkway');
insert into Laboratory (id, region, adresse) values (9, 'Hīsh', '004 International Alley');
insert into Laboratory (id, region, adresse) values (10, 'Luisiana', '22 Northwestern Alley');

insert into Medecin (id, lastName, firstName, adresse, city, phone, email, age, numLicence, laboratory) values (1, 'Hoodspeth', 'Lishe', '6 Washington Avenue', 'Padova', '1818706746', 'lhoodspeth0@imgur.com', 50, '3470727473', 1);
insert into Medecin (id, lastName, firstName, adresse, city, phone, email, age, numLicence, laboratory) values (2, 'Alexsandrowicz', 'Ebonee', '47949 Maple Drive', 'Lindavista', '8433081233', 'ealexsandrowicz1@reference.com', 42, '5538755835', 2);
insert into Medecin (id, lastName, firstName, adresse, city, phone, email, age, numLicence, laboratory) values (3, 'Goshawke', 'Merrill', '24261 Towne Street', 'Mistřice', '7289497025', 'mgoshawke2@sitemeter.com', 26, '6936843875', 3);
insert into Medecin (id, lastName, firstName, adresse, city, phone, email, age, numLicence, laboratory) values (4, 'Grooby', 'Fifine', '58014 Claremont Terrace', 'Zhuping', '2641181798', 'fgrooby3@baidu.com', 26, '1022971611', 4);
insert into Medecin (id, lastName, firstName, adresse, city, phone, email, age, numLicence, laboratory) values (5, 'Gummow', 'Marja', '0 Evergreen Park', 'San Carlos', '9782678204', 'mgummow4@geocities.jp', 41, '6434184972', 5);
insert into Medecin (id, lastName, firstName, adresse, city, phone, email, age, numLicence, laboratory) values (6, 'Muir', 'Thibaut', '553 8th Road', 'Moulay Bouchta', '8138478639', 'tmuir5@hc360.com', 66, '0365330787', 6);
insert into Medecin (id, lastName, firstName, adresse, city, phone, email, age, numLicence, laboratory) values (7, 'Epton', 'Joice', '2710 Nelson Pass', 'General Alvear', '6634903686', 'jepton6@digg.com', 51, '4587722073', 7);
insert into Medecin (id, lastName, firstName, adresse, city, phone, email, age, numLicence, laboratory) values (8, 'Henworth', 'Symon', '9405 Charing Cross Point', 'Chambly', '8474099306', 'shenworth7@prlog.org', 43, '2013865376', 8);
insert into Medecin (id, lastName, firstName, adresse, city, phone, email, age, numLicence, laboratory) values (9, 'Rivallant', 'Concettina', '420 Maple Wood Point', 'Shahe', '2257506406', 'crivallant8@tumblr.com', 34, '6383134639', 9);
insert into Medecin (id, lastName, firstName, adresse, city, phone, email, age, numLicence, laboratory) values (10, 'Kiernan', 'Doloritas', '6 New Castle Plaza', 'La Reforma', '4197539648', 'dkiernan9@nbcnews.com', 38, '3951856130', 10);
insert into Medecin (id, lastName, firstName, adresse, city, phone, email, age, numLicence, laboratory) values (11, 'Iddens', 'Candra', '0759 Meadow Vale Street', 'Luxor', '6037160343', 'ciddensa@imageshack.us', 36, '0236508415', 1);
insert into Medecin (id, lastName, firstName, adresse, city, phone, email, age, numLicence, laboratory) values (12, 'Collum', 'Olimpia', '59 Hallows Drive', 'Realeza', '3545730966', 'ocollumb@php.net', 39, '1086483510', 2);
insert into Medecin (id, lastName, firstName, adresse, city, phone, email, age, numLicence, laboratory) values (13, 'Marston', 'Jayson', '30 Little Fleur Parkway', 'Marco de Canaveses', '7315826189', 'jmarstonc@theguardian.com', 54, '5760425730', 3);
insert into Medecin (id, lastName, firstName, adresse, city, phone, email, age, numLicence, laboratory) values (14, 'Hurring', 'Gerrilee', '9781 Larry Point', 'Robertsfors', '4389364146', 'ghurringd@earthlink.net', 46, '6532169218', 4);
insert into Medecin (id, lastName, firstName, adresse, city, phone, email, age, numLicence, laboratory) values (15, 'Elliss', 'Kore', '8361 Mesta Drive', 'Campraksanta', '7662479841', 'kellisse@google.nl', 65, '9415908939', 5);
insert into Medecin (id, lastName, firstName, adresse, city, phone, email, age, numLicence, laboratory) values (16, 'Bake', 'Neille', '59 Stone Corner Road', 'San Juan Atitán', '5297332371', 'nbakef@opera.com', 48, '0980445515', 6);
insert into Medecin (id, lastName, firstName, adresse, city, phone, email, age, numLicence, laboratory) values (17, 'Colin', 'Denice', '450 Florence Pass', 'Osorno', '6136535568', 'dcoling@cbc.ca', 29, '9705597340', 7);
insert into Medecin (id, lastName, firstName, adresse, city, phone, email, age, numLicence, laboratory) values (18, 'Dymock', 'Glyn', '93234 Ridge Oak Court', 'Amaigbo', '5835070524', 'gdymockh@blog.com', 28, '1595110151', 8);
insert into Medecin (id, lastName, firstName, adresse, city, phone, email, age, numLicence, laboratory) values (19, 'Schneidau', 'Hi', '12547 Cordelia Street', 'Minūf', '1114025435', 'hschneidaui@army.mil', 63, '9725572149', 9);
insert into Medecin (id, lastName, firstName, adresse, city, phone, email, age, numLicence, laboratory) values (20, 'Maxweell', 'Alecia', '03863 Mcbride Center', 'Rūdiškės', '2048838475', 'amaxweellj@hc360.com', 45, '7039255154', 10);
insert into Medecin (id, lastName, firstName, adresse, city, phone, email, age, numLicence, laboratory) values (21, 'Hove', 'Fanechka', '9 Bluestem Center', '‘Awartā', '2269705434', 'fhovek@discuz.net', 36, '8214054680', 1);
insert into Medecin (id, lastName, firstName, adresse, city, phone, email, age, numLicence, laboratory) values (22, 'Leynagh', 'Hugues', '3604 Alpine Terrace', 'San Lucas Tolimán', '6096442054', 'hleynaghl@bing.com', 45, '5688936096', 2);
insert into Medecin (id, lastName, firstName, adresse, city, phone, email, age, numLicence, laboratory) values (23, 'Bachanski', 'Ted', '31105 Milwaukee Crossing', 'Baliang', '1366353568', 'tbachanskim@illinois.edu', 65, '2850166456', 3);
insert into Medecin (id, lastName, firstName, adresse, city, phone, email, age, numLicence, laboratory) values (24, 'Cowap', 'Innis', '73606 Warrior Trail', 'Dashi', '2846680091', 'icowapn@devhub.com', 52, '8193798090', 4);
insert into Medecin (id, lastName, firstName, adresse, city, phone, email, age, numLicence, laboratory) values (25, 'Parris', 'Marieann', '3259 Johnson Pass', 'Fatubia', '5544108896', 'mparriso@1688.com', 53, '7617519710', 5);
insert into Medecin (id, lastName, firstName, adresse, city, phone, email, age, numLicence, laboratory) values (26, 'Willas', 'Misha', '623 Grim Hill', 'Salas', '1954285562', 'mwillasp@indiatimes.com', 41, '9405238167', 6);
insert into Medecin (id, lastName, firstName, adresse, city, phone, email, age, numLicence, laboratory) values (27, 'Goslin', 'Stephie', '44 Granby Drive', 'Capâo Bonito', '9772383676', 'sgoslinq@twitpic.com', 43, '7112123453', 7);
insert into Medecin (id, lastName, firstName, adresse, city, phone, email, age, numLicence, laboratory) values (28, 'Heibel', 'Amber', '1 Lerdahl Court', 'Zhongshan', '2257311390', 'aheibelr@epa.gov', 56, '2931517682', 8);
insert into Medecin (id, lastName, firstName, adresse, city, phone, email, age, numLicence, laboratory) values (29, 'Dibbs', 'Zara', '68892 Washington Trail', 'Honghe', '4236449383', 'zdibbss@cpanel.net', 45, '3943912086', 9);
insert into Medecin (id, lastName, firstName, adresse, city, phone, email, age, numLicence, laboratory) values (30, 'Anfossi', 'Wendell', '40022 Cody Center', 'Kham Sakae Saeng', '3249614624', 'wanfossit@sbwire.com', 27, '2786949866', 10);
insert into Medecin (id, lastName, firstName, adresse, city, phone, email, age, numLicence, laboratory) values (31, 'Delacoste', 'Carmita', '05303 Debs Lane', 'Kedian', '2207492386', 'cdelacosteu@samsung.com', 67, '4796532773', 1);
insert into Medecin (id, lastName, firstName, adresse, city, phone, email, age, numLicence, laboratory) values (32, 'Duddridge', 'Cherilyn', '490 Northwestern Pass', 'Melfi', '8931629019', 'cduddridgev@cocolog-nifty.com', 32, '8726606046', 2);
insert into Medecin (id, lastName, firstName, adresse, city, phone, email, age, numLicence, laboratory) values (33, 'Sword', 'Berna', '19 Merchant Place', 'Parral', '8745668737', 'bswordw@homestead.com', 42, '0908148720', 3);
insert into Medecin (id, lastName, firstName, adresse, city, phone, email, age, numLicence, laboratory) values (34, 'Prine', 'Lizabeth', '99273 Blaine Crossing', 'Yuktae-dong', '9869174095', 'lprinex@cnn.com', 44, '3398949088', 4);
insert into Medecin (id, lastName, firstName, adresse, city, phone, email, age, numLicence, laboratory) values (35, 'Mullinger', 'Brandice', '0 Gale Avenue', 'Pivka', '4813841525', 'bmullingery@businessweek.com', 25, '9551098161', 5);
insert into Medecin (id, lastName, firstName, adresse, city, phone, email, age, numLicence, laboratory) values (36, 'Rigardeau', 'Dix', '7886 Cordelia Way', 'Foros da Catrapona', '1526368418', 'drigardeauz@instagram.com', 34, '9645035767', 6);
insert into Medecin (id, lastName, firstName, adresse, city, phone, email, age, numLicence, laboratory) values (37, 'Ciccerale', 'Aubrey', '0898 Mandrake Road', 'Cobh', '7034723652', 'aciccerale10@hibu.com', 38, '1547549696', 7);
insert into Medecin (id, lastName, firstName, adresse, city, phone, email, age, numLicence, laboratory) values (38, 'Degoe', 'Elvin', '0017 Moose Center', 'Buenavista', '3955718761', 'edegoe11@forbes.com', 64, '7733593336', 8);
insert into Medecin (id, lastName, firstName, adresse, city, phone, email, age, numLicence, laboratory) values (39, 'Brundale', 'Parry', '44 Crowley Trail', 'Huaniao', '3266699950', 'pbrundale12@yahoo.com', 39, '5050554896', 9);
insert into Medecin (id, lastName, firstName, adresse, city, phone, email, age, numLicence, laboratory) values (40, 'Meany', 'Lacee', '93 Pleasure Junction', 'Hualingang', '1235974668', 'lmeany13@gravatar.com', 48, '5999418712', 10);
insert into Medecin (id, lastName, firstName, adresse, city, phone, email, age, numLicence, laboratory) values (41, 'Alvaro', 'Bridget', '9820 Doe Crossing Place', 'Buyuan', '8919610205', 'balvaro14@sphinn.com', 40, '4045464840', 1);
insert into Medecin (id, lastName, firstName, adresse, city, phone, email, age, numLicence, laboratory) values (42, 'Grundon', 'Frasquito', '63245 Springview Street', 'Lens', '3033163207', 'fgrundon15@msn.com', 50, '3273579803', 2);
insert into Medecin (id, lastName, firstName, adresse, city, phone, email, age, numLicence, laboratory) values (43, 'Domonkos', 'Deloria', '89144 Victoria Center', 'Araucária', '8671817472', 'ddomonkos16@who.int', 60, '1839774924', 3);
insert into Medecin (id, lastName, firstName, adresse, city, phone, email, age, numLicence, laboratory) values (44, 'Snowsill', 'Shaughn', '503 Ridgeway Way', 'Tanggung', '1096438813', 'ssnowsill17@state.tx.us', 62, '1349910066', 4);
insert into Medecin (id, lastName, firstName, adresse, city, phone, email, age, numLicence, laboratory) values (45, 'Gailor', 'Ricki', '1820 7th Point', 'Gò Quao', '7989761039', 'rgailor18@senate.gov', 27, '1928835546', 5);
insert into Medecin (id, lastName, firstName, adresse, city, phone, email, age, numLicence, laboratory) values (46, 'Roofe', 'Leela', '62 Crowley Way', 'Wushi', '5776456241', 'lroofe19@blinklist.com', 30, '4928881796', 6);
insert into Medecin (id, lastName, firstName, adresse, city, phone, email, age, numLicence, laboratory) values (47, 'Scrowson', 'Winifred', '60 Spohn Court', 'Yaguaraparo', '1567818096', 'wscrowson1a@fotki.com', 30, '2745816543', 7);
insert into Medecin (id, lastName, firstName, adresse, city, phone, email, age, numLicence, laboratory) values (48, 'Janning', 'Aland', '19 Moulton Point', 'Sattahip', '7507576884', 'ajanning1b@vistaprint.com', 61, '9359161314', 8);
insert into Medecin (id, lastName, firstName, adresse, city, phone, email, age, numLicence, laboratory) values (49, 'Piet', 'Blythe', '25 Schurz Plaza', 'Pico Truncado', '8429886958', 'bpiet1c@joomla.org', 62, '3089978296', 9);
insert into Medecin (id, lastName, firstName, adresse, city, phone, email, age, numLicence, laboratory) values (50, 'Galiford', 'Tine', '21309 Glendale Terrace', 'Mamburao', '4987203233', 'tgaliford1d@youku.com', 50, '6424318232', 10);

insert into Sample (id, name, danger) values (1, 'DOLIPRANE', 1);
insert into Sample (id, name, danger) values (2, 'EFFERALGAN', 1);
insert into Sample (id, name, danger) values (3, 'DAFALGAN', 1);
insert into Sample (id, name, danger) values (4, 'LEVOTHYROX', 1);
insert into Sample (id, name, danger) values (5, 'IMODIUM', 1);
insert into Sample (id, name, danger) values (6, 'Finastéride', 4);
insert into Sample (id, name, danger) values (7, 'Piracétam', 4);
insert into Sample (id, name, danger) values (8, 'Acéclofénac', 4);
insert into Sample (id, name, danger) values (9, 'SOLUPRED', 2);
insert into Sample (id, name, danger) values (10, 'RIVOTRIL', 3);
insert into Sample (id, name, danger) values (11, 'ISIMIG', null);
insert into Sample (id, name, danger) values (12, 'VOLTARENE', null);
insert into Sample (id, name, danger) values (13, 'MAGNE B6', null);

insert into Test (idUser, idSample, idMedRef, result) values (1, 1, 1, 'Médicament propice à l\'utilisation, pas d\'effets secondaires.');
insert into Test (idUser, idSample, idMedRef, result) values (2, 1, 5, 'Médicament propice à l\'utilisation, pas d\'effets secondaires.');
insert into Test (idUser, idSample, idMedRef, result) values (3, 1, 4, 'Médicament propice à l\'utilisation, pas d\'effets secondaires.');
insert into Test (idUser, idSample, idMedRef, result) values (1, 2, 1, 'Médicament propice à l\'utilisation, pas d\'effets secondaires.');
insert into Test (idUser, idSample, idMedRef, result) values (5, 2, 1, 'Médicament propice à l\'utilisation, pas d\'effets secondaires.');
insert into Test (idUser, idSample, idMedRef, result) values (6, 6, 7, 'Beaucoup d\'effets secondaires avec des résultats non convaincant. Ne pas utiliser.');
insert into Test (idUser, idSample, idMedRef, result) values (8, 6, 9, 'Beaucoup d\'effets secondaires avec des résultats non convaincant. Ne pas utiliser.');
insert into Test (idUser, idSample, idMedRef, result) values (7, 10, 1, 'Beaucoup d\'effets secondaires avec des résultats plutôt bon. Peut être utilisé.');










